Type,Name,Request Count,Failure Count,Median Response Time,Average Response Time,Min Response Time,Max Response Time,Average Content Size,Requests/s,Failures/s,50%,66%,75%,80%,90%,95%,98%,99%,99.9%,99.99%,100%
POST,E2E: 1. POST /intent/issue,236,0,11,12.47921017180118,3.673400031402707,94.34209996834397,2465.0,22.586217287253717,0.0,11,14,17,18,21,23,25,26,94,94,94
GET,E2E: 2. GET /intent/latest/{id},236,0,7,7.893785595562372,3.1139999628067017,21.0238000145182,2463.398305084746,22.586217287253717,0.0,7,9,10,11,12,14,17,18,21,21,21
POST,E2E: 3. POST /intent/verify,236,0,8,10.153412710385934,3.2588999602012336,427.80150001635775,352.1525423728813,22.586217287253717,0.0,8,10,11,11,13,15,17,21,430,430,430
GET,E2E: 4. GET /receipts/verify/{id},4,0,5,4.71815001219511,4.201500036288053,5.75010001193732,405.0,0.38281724215684265,0.0,5,5,6,6,6,6,6,6,6,6,6
GET,GET /auth/public-key,155,0,7,9.06178000225355,2.4982999893836677,90.2936999918893,551.0,14.834168133577652,0.0,7,9,10,12,15,17,21,63,90,90,90
GET,GET /intent/latest/{id},370,0,10,13.068687296598345,3.4260000102221966,427.65030002919957,2459.7,35.41059489950795,0.0,10,13,15,16,18,21,24,89,430,430,430
GET,GET /ping,208,0,7,7.996599998407944,2.310599957127124,18.939100031275302,332.0,19.90649659215582,0.0,7,9,10,11,14,16,18,19,19,19,19
GET,GET /receipts/customer/{id},153,0,9,10.603145096265388,3.6952999653294683,58.91760002123192,9939.954248366013,14.642759512499232,0.0,9,11,13,14,17,20,22,50,59,59,59
POST,POST /intent/issue,312,0,11,14.620259615371769,3.5023000091314316,422.76759998640046,2456.0,29.859744888233728,0.0,11,14,17,18,22,24,27,53,420,420,420
POST,POST /intent/issue (setup),2,0,23.756599985063076,17.719600000418723,11.68260001577437,23.756599985063076,2456.0,0.19140862107842133,0.0,24,24,24,24,24,24,24,24,24,24,24
POST,POST /intent/verify,274,0,11,12.402194892022296,3.4209999721497297,101.10899998107925,367.7445255474453,26.222981087743722,0.0,11,13,16,17,21,23,25,47,100,100,100
,Aggregated,2186,0,9,11.31922726472861,2.310599957127124,427.80150001635775,2152.396614821592,209.20962283871452,0.0,9,11,13,15,18,21,24,27,420,430,430
