Timestamp,User Count,Type,Name,Requests/s,Failures/s,50%,66%,75%,80%,90%,95%,98%,99%,99.9%,99.99%,100%,Total Request Count,Total Failure Count,Total Median Response Time,Total Average Response Time,Total Min Response Time,Total Max Response Time,Total Average Content Size
1790880261,0,,Aggregated,0.000000,0.000000,N/A,N/A,N/A,N/A,N/A,N/A,N/A,N/A,N/A,N/A,N/A,0,0,0,0.0,0,0,0
1790880262,25,POST,E2E: 1. POST /intent/issue,0.000000,0.000000,0,0,0,0,0,0,0,0,0,0,0,32,0,52,54.365462505302276,35.4524000431411,120.34910003421828,2465.0
1790880262,25,GET,E2E: 2. GET /intent/latest/{id},0.000000,0.000000,0,0,0,0,0,0,0,0,0,0,0,31,0,41,40.731722584760355,17.296999983955175,54.52459998195991,2459.483870967742
1790880262,25,POST,E2E: 3. POST /intent/verify,0.000000,0.000000,0,0,0,0,0,0,0,0,0,0,0,31,0,53,49.037425812604205,19.263399997726083,67.17399996705353,331.0
1790880262,25,GET,GET /auth/public-key,0.000000,0.000000,0,0,0,0,0,0,0,0,0,0,0,24,0,29,30.59953333286103,19.51700000790879,80.77519998187199,551.0
1790880262,25,GET,GET /intent/latest/{id},0.000000,0.000000,0,0,0,0,0,0,0,0,0,0,0,58,0,41,41.937167240419136,17.401900026015937,89.30620003957301,2459.103448275862
1790880262,25,GET,GET /ping,0.000000,0.000000,0,0,0,0,0,0,0,0,0,0,0,44,0,33,32.88195681472478,17.284700006712228,92.84150000894442,332.0
1790880262,25,GET,GET /receipts/customer/{id},0.000000,0.000000,0,0,0,0,0,0,0,0,0,0,0,20,0,44,45.31248000275809,20.22840001154691,83.34429998649284,10205.0
1790880262,25,POST,POST /intent/issue,0.000000,0.000000,0,0,0,0,0,0,0,0,0,0,0,45,0,54,56.04417555085901,17.1703000087291,107.76719998102635,2456.0
1790880262,25,POST,POST /intent/issue (setup),0.000000,0.000000,0,0,0,0,0,0,0,0,0,0,0,9,0,83,77.08431109009932,27.912399964407086,114.16919995099306,2456.0
1790880262,25,POST,POST /intent/verify,0.000000,0.000000,0,0,0,0,0,0,0,0,0,0,0,50,0,50,47.930755998240784,15.996699978131801,65.18540001707152,331.0
1790880262,25,,Aggregated,0.000000,0.000000,0,0,0,0,0,0,0,0,0,0,0,344,0,44,45.507625290219735,15.996699978131801,120.34910003421828,2003.2529069767443
1790880263,50,POST,E2E: 1. POST /intent/issue,0.000000,0.000000,90,110,110,150,160,180,210,220,220,220,220,81,0,90,94.93493086681414,35.4524000431411,219.74760002922267,2465.0
1790880263,50,GET,E2E: 2. GET /intent/latest/{id},0.000000,0.000000,0,0,0,0,0,0,0,0,0,0,0,78,0,68,65.4124512825197,17.296999983955175,142.32459996128455,2459.923076923077
1790880263,50,POST,E2E: 3. POST /intent/verify,0.000000,0.000000,0,0,0,0,0,0,0,0,0,0,0,70,0,85,80.28138571701545,19.263399997726083,165.34959996351972,331.0
1790880263,50,GET,GET /auth/public-key,0.000000,0.000000,47,59,63,64,110,120,140,140,140,140,140,50,0,49,52.42880999692716,19.51700000790879,144.50210001086816,551.0
1790880263,50,GET,GET /intent/latest/{id},0.000000,0.000000,56,75,84,86,92,140,140,140,200,200,200,114,0,59,63.931066664895695,17.401900026015937,199.58449999103323,2459.7105263157896
1790880263,50,GET,GET /ping,0.000000,0.000000,44,57,62,62,92,110,120,180,180,180,180,88,0,45,50.132971589019604,17.284700006712228,179.2492000386119,332.0
1790880263,50,GET,GET /receipts/customer/{id},0.000000,0.000000,68,74,86,88,91,130,130,190,190,190,190,52,0,69,69.03087307448284,20.22840001154691,194.68799995956942,10205.0
1790880263,50,POST,POST /intent/issue,0.000000,0.000000,79,100,110,110,110,160,190,210,210,210,210,93,0,83,84.16503440696366,17.1703000087291,206.49080001749098,2456.0
1790880263,50,POST,POST /intent/issue (setup),0.000000,0.000000,110,110,150,150,160,170,170,170,170,170,170,17,0,100,100.25731175590087,27.912399964407086,170.0138000305742,2456.0
1790880263,50,POST,POST /intent/verify,0.000000,0.000000,80,100,110,110,110,160,160,160,160,160,160,103,0,78,79.02358252514443,15.996699978131801,162.6611000392586,331.0
1790880263,50,,Aggregated,0.000000,0.000000,62,85,97,100,110,150,160,180,220,220,220,746,0,62,72.37753096458268,15.996699978131801,219.74760002922267,2127.0710455764074
1790880264,100,POST,E2E: 1. POST /intent/issue,2.000000,0.000000,110,160,170,190,220,250,260,260,300,300,300,121,0,110,127.21364214883594,35.4524000431411,303.83200000505894,2465.0
1790880264,100,GET,E2E: 2. GET /intent/latest/{id},0.000000,0.000000,88,120,130,140,170,170,210,210,210,210,210,107,0,82,85.04736354948831,17.296999983955175,210.36699996329844,2459.532710280374
1790880264,100,POST,E2E: 3. POST /intent/verify,0.000000,0.000000,110,150,170,170,210,210,250,260,260,260,260,99,0,99,104.20502727613737,19.263399997726083,258.55909998063,331.0
1790880264,100,GET,GET /auth/public-key,1.000000,0.000000,59,68,87,97,120,120,140,200,200,200,200,65,0,59,64.17413230340641,19.51700000790879,203.7706999690272,551.0
1790880264,100,GET,GET /intent/latest/{id},4.000000,0.000000,84,110,130,130,160,200,210,210,210,210,210,170,0,83,90.27756529223338,17.401900026015937,214.46760004619136,2459.3882352941177
1790880264,100,GET,GET /ping,2.000000,0.000000,62,91,110,110,130,170,180,180,180,180,180,132,0,62,72.05352651274579,17.284700006712228,183.40239999815822,332.0
1790880264,100,GET,GET /receipts/customer/{id},1.000000,0.000000,85,93,130,130,160,200,230,280,280,280,280,84,0,85,94.53699880811784,20.22840001154691,275.70629998808727,10205.0
1790880264,100,POST,POST /intent/issue,2.000000,0.000000,110,150,160,170,210,230,260,260,270,270,270,152,0,110,117.3743796040837,17.1703000087291,267.79529999475926,2456.0
1790880264,100,POST,POST /intent/issue (setup),5.000000,0.000000,160,160,170,200,240,240,310,310,310,310,310,27,0,110,138.54603332476,27.912399964407086,307.1530000306666,2456.0
1790880264,100,POST,POST /intent/verify,1.000000,0.000000,110,120,160,160,200,220,230,250,260,260,260,155,0,110,110.85681225841624,15.996699978131801,255.22059999639168,331.0
1790880264,100,,Aggregated,18.000000,0.000000,89,110,130,150,190,210,250,260,300,310,310,1112,0,88,99.41038570031583,15.996699978131801,307.1530000306666,2194.3237410071943
1790880265,100,POST,E2E: 1. POST /intent/issue,17.000000,0.000000,160,210,230,250,290,300,310,490,500,500,500,170,0,160,165.20268823506365,35.4524000431411,499.9581999727525,2465.0
1790880265,100,GET,E2E: 2. GET /intent/latest/{id},17.000000,0.000000,140,170,190,190,210,230,260,270,270,270,270,161,0,100,120.73982173579843,17.296999983955175,265.1109999860637,2459.801242236025
1790880265,100,POST,E2E: 3. POST /intent/verify,16.000000,0.000000,180,210,220,250,300,300,310,310,310,310,310,150,0,120,150.22788333628947,19.263399997726083,307.46479996014386,331.0
1790880265,100,GET,GET /auth/public-key,12.500000,0.000000,78,120,140,140,160,200,230,310,310,310,310,89,0,78,90.26043595068596,19.51700000790879,313.144400017336,551.0
1790880265,100,GET,GET /intent/latest/{id},31.000000,0.000000,120,150,180,200,210,240,260,310,350,350,350,233,0,120,121.74259098506505,17.401900026015937,350.27890000492334,2459.4763948497853
1790880265,100,GET,GET /ping,23.500000,0.000000,92,120,120,130,170,180,190,280,290,290,290,175,0,91,90.71103999757075,17.284700006712228,294.90330000407994,332.0
1790880265,100,GET,GET /receipts/customer/{id},11.000000,0.000000,89,130,170,180,230,240,250,260,280,280,280,104,0,89,116.30282115276295,20.22840001154691,275.70629998808727,10205.0
1790880265,100,POST,POST /intent/issue,24.000000,0.000000,120,190,210,240,260,290,300,340,510,510,510,192,0,120,147.37878749929223,17.1703000087291,512.5545000191778,2456.0
1790880265,100,POST,POST /intent/issue (setup),4.500000,0.000000,160,240,240,290,310,350,520,520,520,520,520,34,0,160,176.41807646278346,27.912399964407086,518.3343999669887,2456.0
1790880265,100,POST,POST /intent/verify,25.000000,0.000000,120,180,210,220,260,290,300,300,310,310,310,202,0,120,142.71124851420788,15.996699978131801,307.55989998579025,331.0
1790880265,100,,Aggregated,181.500000,0.000000,110,160,190,200,250,280,300,310,510,520,520,1510,0,110,130.82747860790064,15.996699978131801,518.3343999669887,2137.8562913907285
1790880266,100,POST,E2E: 1. POST /intent/issue,28.333333,0.000000,190,220,250,250,280,300,300,490,500,500,500,218,0,180,177.97378623733135,35.4524000431411,499.9581999727525,2465.0
1790880266,100,GET,E2E: 2. GET /intent/latest/{id},27.000000,0.000000,160,190,200,200,210,230,260,270,270,270,270,213,0,130,133.97091032583003,17.296999983955175,265.1109999860637,2459.5915492957747
1790880266,100,POST,E2E: 3. POST /intent/verify,26.000000,0.000000,210,220,250,260,280,300,300,310,310,310,310,199,0,190,169.30167487735892,19.263399997726083,307.46479996014386,331.0
1790880266,100,GET,GET /auth/public-key,17.000000,0.000000,97,140,140,150,160,180,200,230,310,310,310,108,0,97,98.7973749956668,19.51700000790879,313.144400017336,551.0
1790880266,100,GET,GET /intent/latest/{id},39.000000,0.000000,140,180,190,200,220,240,250,260,350,350,350,305,0,140,134.95262950605363,17.401900026015937,350.27890000492334,2459.570491803279
1790880266,100,GET,GET /ping,29.666667,0.000000,110,120,130,140,170,180,190,190,290,290,290,217,0,110,99.00174285569507,17.284700006712228,294.90330000407994,332.0
1790880266,100,GET,GET /receipts/customer/{id},18.666667,0.000000,120,170,180,190,220,240,250,260,280,280,280,124,0,120,126.29615967565651,20.22840001154691,275.70629998808727,10205.0
1790880266,100,POST,POST /intent/issue,34.333333,0.000000,170,220,250,250,280,290,290,310,510,510,510,253,0,160,167.93345849686798,17.1703000087291,512.5545000191778,2456.0
1790880266,100,POST,POST /intent/issue (setup),5.666667,0.000000,170,230,240,290,310,350,520,520,520,520,520,35,0,160,177.7829228484604,27.912399964407086,518.3343999669887,2456.0
1790880266,100,POST,POST /intent/verify,36.000000,0.000000,160,220,230,250,270,280,300,300,310,310,310,271,0,160,159.96721955647735,15.996699978131801,307.55989998579025,331.0
1790880266,100,,Aggregated,261.666667,0.000000,140,180,210,220,250,280,300,300,510,520,520,1943,0,140,145.16756402330887,15.996699978131801,518.3343999669887,2095.369016984045
1790880267,100,POST,E2E: 1. POST /intent/issue,31.000000,0.000000,200,230,240,250,280,290,300,490,500,500,500,259,0,200,182.20297837698234,35.4524000431411,499.9581999727525,2465.0
1790880267,100,GET,E2E: 2. GET /intent/latest/{id},27.750000,0.000000,170,190,190,200,210,230,250,260,270,270,270,253,0,150,138.2079197596777,17.296999983955175,265.1109999860637,2459.877470355731
1790880267,100,POST,E2E: 3. POST /intent/verify,25.750000,0.000000,210,240,250,260,280,300,300,310,310,310,310,243,0,210,179.42075802726143,19.263399997726083,307.46479996014386,331.0
1790880267,100,GET,GET /auth/public-key,16.500000,0.000000,120,140,140,150,150,170,200,230,310,310,310,151,0,110,105.98797681864771,19.51700000790879,313.144400017336,551.0
1790880267,100,GET,GET /intent/latest/{id},43.250000,0.000000,160,190,200,200,220,230,250,260,350,350,350,394,0,160,144.701635531359,17.401900026015937,350.27890000492334,2459.8604060913704
1790880267,100,GET,GET /ping,33.750000,0.000000,110,130,140,140,160,180,180,190,290,290,290,270,0,110,103.39315185060345,17.284700006712228,294.90330000407994,332.0
1790880267,100,GET,GET /receipts/customer/{id},21.750000,0.000000,140,180,190,190,220,240,250,260,280,280,280,157,0,130,135.7786267503479,20.22840001154691,275.70629998808727,10205.0
1790880267,100,POST,POST /intent/issue,38.000000,0.000000,200,230,240,250,270,280,290,300,510,510,510,312,0,190,175.44502724269523,17.1703000087291,512.5545000191778,2456.0
1790880267,100,POST,POST /intent/issue (setup),6.750000,0.000000,160,230,240,240,310,350,520,520,520,520,520,36,0,160,175.6098055468303,27.912399964407086,518.3343999669887,2456.0
1790880267,100,POST,POST /intent/verify,39.000000,0.000000,180,220,230,240,270,280,290,300,310,310,310,320,0,180,167.43684031225712,15.996699978131801,307.55989998579025,331.0
1790880267,100,,Aggregated,283.500000,0.000000,150,190,210,220,250,270,290,300,500,520,520,2395,0,150,151.41838580260097,15.996699978131801,518.3343999669887,2106.9043841336115
1790880268,100,POST,E2E: 1. POST /intent/issue,34.200000,0.000000,220,240,250,260,280,290,300,310,500,500,500,307,0,220,193.19647393991005,35.4524000431411,499.9581999727525,2465.0
1790880268,100,GET,E2E: 2. GET /intent/latest/{id},32.600000,0.000000,170,190,200,200,210,230,250,260,270,270,270,300,0,170,146.9668126643713,17.296999983955175,265.1109999860637,2459.96
1790880268,100,POST,E2E: 3. POST /intent/verify,30.800000,0.000000,220,240,250,260,280,290,300,310,310,310,310,283,0,210,188.34965477278786,19.263399997726083,307.46479996014386,331.0
1790880268,100,GET,GET /auth/public-key,18.000000,0.000000,120,140,140,150,160,180,200,230,310,310,310,180,0,120,111.89934388546843,19.51700000790879,313.144400017336,551.0
1790880268,100,GET,GET /intent/latest/{id},47.200000,0.000000,170,190,200,200,220,230,240,260,350,350,350,462,0,170,151.200209739235,17.401900026015937,350.27890000492334,2459.818181818182
1790880268,100,GET,GET /ping,35.800000,0.000000,120,130,140,150,160,180,190,190,290,290,290,321,0,120,109.24900529508673,17.284700006712228,294.90330000407994,332.0
1790880268,100,GET,GET /receipts/customer/{id},21.200000,0.000000,160,180,190,200,210,240,250,260,280,280,280,182,0,160,142.9180263728415,20.22840001154691,275.70629998808727,10205.0
1790880268,100,POST,POST /intent/issue,39.800000,0.000000,210,230,250,260,280,280,290,300,510,510,510,368,0,210,185.8437804336933,17.1703000087291,512.5545000191778,2456.0
1790880268,100,POST,POST /intent/issue (setup),6.800000,0.000000,160,230,240,240,310,350,520,520,520,520,520,36,0,160,175.6098055468303,27.912399964407086,518.3343999669887,2456.0
1790880268,100,POST,POST /intent/verify,42.200000,0.000000,210,230,240,250,270,280,290,300,310,310,310,377,0,210,179.76025066264987,15.996699978131801,307.55989998579025,331.0
1790880268,100,,Aggregated,308.600000,0.000000,160,200,220,230,260,280,290,300,500,520,520,2816,0,160,159.8944540472861,15.996699978131801,518.3343999669887,2096.9193892045455
1790880269,100,POST,E2E: 1. POST /intent/issue,36.333333,0.000000,220,240,260,260,280,290,300,310,500,500,500,345,0,220,200.17290463674462,35.4524000431411,499.9581999727525,2465.0
1790880269,100,GET,E2E: 2. GET /intent/latest/{id},35.500000,0.000000,170,190,200,210,210,230,240,260,270,270,270,339,0,170,152.1148985227059,17.296999983955175,265.1109999860637,2459.9557522123896
1790880269,100,POST,E2E: 3. POST /intent/verify,33.166667,0.000000,220,250,260,260,280,300,300,310,310,310,310,323,0,220,196.33085975454452,19.263399997726083,307.46479996014386,331.0
1790880269,100,GET,GET /auth/public-key,18.000000,0.000000,130,140,150,150,160,180,200,200,310,310,310,208,0,130,116.06090192015891,19.51700000790879,313.144400017336,551.0
1790880269,100,GET,GET /intent/latest/{id},50.833333,0.000000,180,190,200,210,220,240,250,260,350,350,350,548,0,180,158.86974178735136,17.401900026015937,350.27890000492334,2459.9744525547444
1790880269,100,GET,GET /ping,36.333333,0.000000,120,140,140,150,170,180,190,190,290,290,290,361,0,120,112.90907119033172,17.284700006712228,294.90330000407994,332.0
1790880269,100,GET,GET /receipts/customer/{id},20.666667,0.000000,170,180,190,200,220,240,250,250,280,280,280,213,0,170,149.77959530431332,20.22840001154691,275.70629998808727,10205.0
1790880269,100,POST,POST /intent/issue,42.166667,0.000000,220,250,250,260,280,280,290,300,510,510,510,430,0,220,195.6737790685851,17.1703000087291,512.5545000191778,2456.0
1790880269,100,POST,POST /intent/issue (setup),5.833333,0.000000,160,230,240,240,310,350,520,520,520,520,520,36,0,160,175.6098055468303,27.912399964407086,518.3343999669887,2456.0
1790880269,100,POST,POST /intent/verify,45.166667,0.000000,220,240,250,260,280,290,290,300,310,310,310,434,0,220,189.25475368672159,15.996699978131801,307.55989998579025,331.0
1790880269,100,,Aggregated,324.000000,0.000000,170,210,220,240,260,280,290,300,490,520,520,3237,0,170,166.97690024627644,15.996699978131801,518.3343999669887,2111.709607661415
1790880270,100,POST,E2E: 1. POST /intent/issue,37.142857,0.000000,230,250,260,270,290,300,370,390,500,500,500,387,0,230,208.2202467685072,35.4524000431411,499.9581999727525,2465.0
1790880270,100,GET,E2E: 2. GET /intent/latest/{id},36.142857,0.000000,180,190,200,210,220,240,310,330,340,340,340,380,0,170,159.1434278929802,17.296999983955175,341.37069998541847,2459.9315789473685
1790880270,100,POST,E2E: 3. POST /intent/verify,35.285714,0.000000,230,250,260,270,280,300,380,380,400,400,400,368,0,220,205.4053285347713,19.263399997726083,397.0327000133693,331.0
1790880270,100,GET,GET /auth/public-key,21.571429,0.000000,130,140,150,150,160,180,230,260,310,310,310,230,0,130,119.73691173682354,19.51700000790879,313.144400017336,551.0
1790880270,100,GET,GET /intent/latest/{id},57.285714,0.000000,180,190,200,210,230,240,310,320,350,350,350,608,0,180,164.30364736783974,17.401900026015937,350.27890000492334,2460.0115131578946
1790880270,100,GET,GET /ping,39.000000,0.000000,120,140,140,150,170,180,240,270,290,290,290,405,0,120,117.67818962905073,17.284700006712228,294.90330000407994,332.0
1790880270,100,GET,GET /receipts/customer/{id},22.571429,0.000000,170,180,190,200,220,240,280,330,340,340,340,236,0,170,155.00567372719624,20.22840001154691,335.9255999675952,10205.0
1790880270,100,POST,POST /intent/issue,45.428571,0.000000,230,250,260,260,280,290,370,390,510,510,510,479,0,230,202.8346651344072,17.1703000087291,512.5545000191778,2456.0
1790880270,100,POST,POST /intent/issue (setup),5.142857,0.000000,160,230,240,240,310,350,520,520,520,520,520,36,0,160,175.6098055468303,27.912399964407086,518.3343999669887,2456.0
1790880270,100,POST,POST /intent/verify,45.714286,0.000000,220,240,250,260,280,300,370,380,390,390,390,498,0,220,199.96618152674134,15.996699978131801,390.41190000716597,331.0
1790880270,100,,Aggregated,345.285714,0.000000,180,210,230,240,270,290,330,370,490,520,520,3627,0,180,174.0791089322924,15.996699978131801,518.3343999669887,2096.9043286462643
1790880272,100,POST,E2E: 1. POST /intent/issue,38.444444,0.000000,230,250,260,270,290,300,370,390,500,500,500,433,0,230,211.12338775851146,35.4524000431411,499.9581999727525,2465.0
1790880272,100,GET,E2E: 2. GET /intent/latest/{id},37.777778,0.000000,180,190,200,210,220,240,280,330,340,340,340,421,0,180,161.88314940471804,17.296999983955175,341.37069998541847,2460.019002375297
1790880272,100,POST,E2E: 3. POST /intent/verify,36.111111,0.000000,230,250,260,270,280,300,370,380,400,400,400,410,0,220,208.0653243922492,19.263399997726083,397.0327000133693,331.0
1790880272,100,GET,GET /auth/public-key,23.222222,0.000000,130,140,150,150,170,190,230,260,310,310,310,267,0,130,121.28017190800219,19.51700000790879,313.144400017336,551.0
1790880272,100,GET,GET /intent/latest/{id},61.222222,0.000000,180,200,210,210,230,250,310,320,350,350,350,677,0,180,167.3231054644411,17.401900026015937,350.27890000492334,2460.0546528803543
1790880272,100,GET,GET /ping,40.333333,0.000000,130,140,150,150,180,190,240,270,290,290,290,450,0,130,119.65915977734969,17.284700006712228,294.90330000407994,332.0
1790880272,100,GET,GET /receipts/customer/{id},23.666667,0.000000,170,190,200,200,230,240,280,330,340,340,340,260,0,170,157.7670146147004,20.22840001154691,335.9255999675952,10205.0
1790880272,100,POST,POST /intent/issue,48.000000,0.000000,230,250,260,270,280,290,370,390,510,510,510,523,0,230,206.0105820254549,17.1703000087291,512.5545000191778,2456.0
1790880272,100,POST,POST /intent/issue (setup),4.000000,0.000000,170,240,240,290,310,350,520,520,520,520,520,36,0,160,175.6098055468303,27.912399964407086,518.3343999669887,2456.0
1790880272,100,POST,POST /intent/verify,48.333333,0.000000,230,250,260,270,280,290,370,380,390,390,390,577,0,220,205.11582842311762,15.996699978131801,390.41190000716597,331.0
1790880272,100,,Aggregated,361.111111,0.000000,190,220,230,240,270,290,320,370,490,520,520,4054,0,180,177.0643636401762,15.996699978131801,518.3343999669887,2076.440059200789
1790880273,100,POST,E2E: 1. POST /intent/issue,38.700000,0.000000,240,250,270,280,300,320,370,390,500,500,500,470,0,230,213.8348989349671,35.4524000431411,499.9581999727525,2465.0
1790880273,100,GET,E2E: 2. GET /intent/latest/{id},38.000000,0.000000,190,200,210,210,230,250,290,330,340,340,340,465,0,180,164.105916986998,17.296999983955175,341.37069998541847,2459.9290322580646
1790880273,100,POST,E2E: 3. POST /intent/verify,36.800000,0.000000,240,250,270,270,300,330,370,380,400,400,400,453,0,230,211.78726600593563,19.263399997726083,397.0327000133693,331.0
1790880273,100,GET,GET /auth/public-key,23.000000,0.000000,140,140,150,150,190,220,230,260,310,310,310,300,0,130,125.59255566467375,19.51700000790879,313.144400017336,551.0
1790880273,100,GET,GET /intent/latest/{id},60.800000,0.000000,190,200,210,220,240,260,310,320,350,350,350,749,0,180,169.9773819748908,17.401900026015937,350.27890000492334,2460.109479305741
1790880273,100,GET,GET /ping,40.500000,0.000000,130,140,150,160,180,190,240,270,290,290,290,495,0,130,122.10743434285048,17.284700006712228,294.90330000407994,332.0
1790880273,100,GET,GET /receipts/customer/{id},23.600000,0.000000,180,190,200,210,240,250,280,330,340,340,340,284,0,170,160.5404049291728,20.22840001154691,335.9255999675952,10205.0
1790880273,100,POST,POST /intent/issue,47.900000,0.000000,240,260,270,270,290,320,370,390,510,510,510,569,0,230,209.9293662556971,17.1703000087291,512.5545000191778,2456.0
1790880273,100,POST,POST /intent/issue (setup),3.600000,0.000000,240,240,300,310,350,520,520,520,520,520,520,36,0,160,175.6098055468303,27.912399964407086,518.3343999669887,2456.0
1790880273,100,POST,POST /intent/verify,49.800000,0.000000,230,250,260,270,290,320,370,380,390,390,390,616,0,220,208.0254245128191,15.996699978131801,390.41190000716597,331.0
1790880273,100,,Aggregated,362.700000,0.000000,200,230,240,250,280,300,330,370,490,520,520,4437,0,190,179.78232817136418,15.996699978131801,518.3343999669887,2076.3168807752986
1790880274,100,POST,E2E: 1. POST /intent/issue,43.000000,0.000000,240,250,260,270,290,320,370,390,500,500,500,520,0,230,215.43475942195911,35.4524000431411,499.9581999727525,2465.0
1790880274,100,GET,E2E: 2. GET /intent/latest/{id},41.900000,0.000000,190,200,210,210,230,240,290,330,340,340,340,509,0,180,165.84272612748973,17.296999983955175,341.37069998541847,2459.960707269155
1790880274,100,POST,E2E: 3. POST /intent/verify,41.000000,0.000000,240,250,260,270,300,330,370,380,400,400,400,498,0,230,213.1523528127196,19.263399997726083,397.0327000133693,331.0
1790880274,100,GET,GET /auth/public-key,26.600000,0.000000,140,140,150,150,180,210,230,260,310,310,310,327,0,130,126.1250544326958,19.51700000790879,313.144400017336,551.0
1790880274,100,GET,GET /intent/latest/{id},67.200000,0.000000,190,200,210,210,240,260,310,320,350,350,350,827,0,180,171.1986406275945,17.401900026015937,350.27890000492334,2460.0918984280534
1790880274,100,GET,GET /ping,44.800000,0.000000,130,140,150,150,180,190,240,270,290,290,290,551,0,130,123.00940653270773,17.284700006712228,294.90330000407994,332.0
1790880274,100,GET,GET /receipts/customer/{id},25.900000,0.000000,180,190,200,210,230,250,270,330,340,340,340,315,0,170,162.6588879360093,20.22840001154691,335.9255999675952,10205.0
1790880274,100,POST,POST /intent/issue,52.100000,0.000000,240,250,260,270,290,320,370,390,510,510,510,630,0,230,211.7654196817302,17.1703000087291,512.5545000191778,2456.0
1790880274,100,POST,POST /intent/issue (setup),3.100000,0.000000,290,300,310,350,520,520,520,520,520,520,520,36,0,160,175.6098055468303,27.912399964407086,518.3343999669887,2456.0
1790880274,100,POST,POST /intent/verify,57.600000,0.000000,230,250,260,270,290,320,370,380,390,390,390,687,0,230,210.19628209601126,15.996699978131801,390.41190000716597,331.0
1790880274,100,,Aggregated,403.200000,0.000000,210,230,240,250,280,300,330,370,490,520,520,4900,0,190,181.34057320327716,15.996699978131801,518.3343999669887,2076.332857142857
1790880275,100,POST,E2E: 1. POST /intent/issue,43.600000,0.000000,230,250,260,270,290,320,370,380,390,390,390,555,0,230,216.7558028821011,35.4524000431411,499.9581999727525,2465.0
1790880275,100,GET,E2E: 2. GET /intent/latest/{id},42.600000,0.000000,190,200,210,210,230,250,290,330,340,340,340,542,0,180,168.27358117922486,17.296999983955175,341.37069998541847,2459.8523985239854
1790880275,100,POST,E2E: 3. POST /intent/verify,41.900000,0.000000,240,250,260,270,290,330,370,380,400,400,400,537,0,230,215.51036257073508,19.263399997726083,397.0327000133693,331.0
1790880275,100,GET,GET /auth/public-key,27.500000,0.000000,130,140,150,150,180,200,230,250,290,290,290,360,0,130,126.84675805454997,19.51700000790879,313.144400017336,551.0
1790880275,100,GET,GET /intent/latest/{id},68.600000,0.000000,190,200,210,210,240,260,290,320,340,340,340,893,0,180,172.86589630382252,17.401900026015937,350.27890000492334,2460.0615901455767
1790880275,100,GET,GET /ping,44.700000,0.000000,130,140,150,150,170,190,230,260,290,290,290,595,0,130,124.04559378085673,17.284700006712228,294.90330000407994,332.0
1790880275,100,GET,GET /receipts/customer/{id},26.000000,0.000000,180,190,200,210,230,240,270,330,340,340,340,345,0,180,165.33584463717145,20.22840001154691,335.9255999675952,10205.0
1790880275,100,POST,POST /intent/issue,52.100000,0.000000,240,250,260,270,290,320,340,380,400,400,400,701,0,230,214.37740056976787,17.1703000087291,512.5545000191778,2456.0
1790880275,100,POST,POST /intent/issue (setup),2.700000,0.000000,220,220,220,220,220,220,220,220,220,220,220,36,0,160,175.6098055468303,27.912399964407086,518.3343999669887,2456.0
1790880275,100,POST,POST /intent/verify,56.600000,0.000000,230,250,260,270,290,320,370,380,390,390,390,765,0,230,213.32070901951892,15.996699978131801,390.41190000716597,331.0
1790880275,100,,Aggregated,406.300000,0.000000,210,230,240,250,270,290,330,370,390,400,400,5329,0,190,183.50642568898505,15.996699978131801,518.3343999669887,2074.6498404954027
1790880276,100,POST,E2E: 1. POST /intent/issue,43.100000,0.000000,230,250,260,270,290,320,370,380,390,390,390,591,0,230,217.8353463613165,35.4524000431411,499.9581999727525,2465.0
1790880276,100,GET,E2E: 2. GET /intent/latest/{id},42.800000,0.000000,190,200,210,210,240,250,290,330,340,340,340,586,0,180,169.6703124556169,17.296999983955175,341.37069998541847,2459.7935153583617
1790880276,100,POST,E2E: 3. POST /intent/verify,41.900000,0.000000,240,250,260,270,300,330,370,380,400,400,400,576,0,230,216.73133993135707,19.263399997726083,397.0327000133693,331.0
1790880276,100,GET,GET /auth/public-key,27.500000,0.000000,130,140,150,150,180,200,230,250,290,290,290,403,0,130,127.7171563264387,19.51700000790879,313.144400017336,551.0
1790880276,100,GET,GET /intent/latest/{id},70.800000,0.000000,180,200,210,210,240,260,290,320,340,340,340,964,0,180,173.86462686644265,17.401900026015937,350.27890000492334,2459.9398340248963
1790880276,100,GET,GET /ping,45.900000,0.000000,130,140,150,150,180,190,230,260,290,290,290,634,0,130,124.98773312262607,17.284700006712228,294.90330000407994,332.0
1790880276,100,GET,GET /receipts/customer/{id},25.800000,0.000000,180,190,200,210,230,240,270,330,340,340,340,372,0,180,165.82481559101237,20.22840001154691,335.9255999675952,10205.0
1790880276,100,POST,POST /intent/issue,52.600000,0.000000,230,250,260,270,290,320,340,380,400,400,400,773,0,230,216.17019016739647,17.1703000087291,512.5545000191778,2456.0
1790880276,100,POST,POST /intent/issue (setup),1.900000,0.000000,100,100,100,100,100,100,100,100,100,100,100,36,0,160,175.6098055468303,27.912399964407086,518.3343999669887,2456.0
1790880276,100,POST,POST /intent/verify,57.600000,0.000000,230,250,260,270,290,320,370,380,390,390,390,829,0,230,214.69921519901476,15.996699978131801,390.41190000716597,331.0
1790880276,100,,Aggregated,409.900000,0.000000,210,230,240,250,270,290,330,360,390,400,400,5764,0,190,184.66628599869273,15.996699978131801,518.3343999669887,2073.2817487855655
1790880277,100,POST,E2E: 1. POST /intent/issue,42.900000,0.000000,230,250,260,270,290,320,370,380,390,390,390,630,0,230,218.85660190342202,35.4524000431411,499.9581999727525,2465.0
1790880277,100,GET,E2E: 2. GET /intent/latest/{id},42.900000,0.000000,190,200,210,210,240,250,290,330,340,340,340,627,0,180,171.03157607506904,17.296999983955175,341.37069998541847,2459.775119617225
1790880277,100,POST,E2E: 3. POST /intent/verify,43.300000,0.000000,230,250,270,280,300,330,370,380,400,400,400,624,0,230,218.76953557763883,19.263399997726083,397.0327000133693,331.0
1790880277,100,GET,GET /auth/public-key,29.000000,0.000000,130,140,150,150,190,200,230,250,290,290,290,435,0,130,128.81597976920185,19.51700000790879,313.144400017336,551.0
1790880277,100,GET,GET /intent/latest/{id},71.900000,0.000000,190,200,210,220,240,260,290,320,340,340,340,1033,0,180,175.38971297088145,17.401900026015937,350.27890000492334,2459.8770571151986
1790880277,100,GET,GET /ping,46.000000,0.000000,130,140,150,150,190,190,230,260,290,290,290,681,0,130,126.01676666609964,17.284700006712228,294.90330000407994,332.0
1790880277,100,GET,GET /receipts/customer/{id},25.500000,0.000000,180,190,200,210,230,240,270,330,340,340,340,401,0,180,167.48808279251472,20.22840001154691,335.9255999675952,10205.0
1790880277,100,POST,POST /intent/issue,54.700000,0.000000,230,250,260,270,290,320,340,380,400,400,400,851,0,230,218.05463031654713,17.1703000087291,512.5545000191778,2456.0
1790880277,100,POST,POST /intent/issue (setup),0.900000,0.000000,100,100,100,100,100,100,100,100,100,100,100,36,0,160,175.6098055468303,27.912399964407086,518.3343999669887,2456.0
1790880277,100,POST,POST /intent/verify,60.300000,0.000000,230,250,260,280,290,320,370,380,390,390,390,879,0,230,215.8703158132253,15.996699978131801,390.41190000716597,331.0
1790880277,100,,Aggregated,417.400000,0.000000,210,230,240,250,280,290,330,370,390,400,400,6197,0,190,186.1316383081328,15.996699978131801,518.3343999669887,2076.8483137001776
1790880278,100,POST,E2E: 1. POST /intent/issue,41.800000,0.000000,230,240,250,270,290,320,370,380,390,390,390,679,0,230,218.13148379840905,35.4524000431411,499.9581999727525,2465.0
1790880278,100,GET,E2E: 2. GET /intent/latest/{id},42.000000,0.000000,190,190,200,210,240,250,290,330,340,340,340,672,0,180,170.8646117545175,17.296999983955175,341.37069998541847,2459.816964285714
1790880278,100,POST,E2E: 3. POST /intent/verify,42.200000,0.000000,230,250,260,280,300,330,370,380,400,400,400,669,0,230,216.41410896960042,19.263399997726083,397.0327000133693,331.0
1790880278,100,GET,GET /auth/public-key,31.300000,0.000000,130,140,150,150,190,200,230,250,290,290,290,466,0,130,129.32066630812906,19.51700000790879,313.144400017336,551.0
1790880278,100,GET,GET /intent/latest/{id},72.600000,0.000000,180,200,210,210,240,260,290,320,340,340,340,1108,0,180,175.2397474722091,17.401900026015937,350.27890000492334,2460.0370036101085
1790880278,100,GET,GET /ping,45.200000,0.000000,130,140,140,150,180,190,230,260,290,290,290,738,0,130,126.3122685633153,17.284700006712228,294.90330000407994,332.0
1790880278,100,GET,GET /receipts/customer/{id},26.500000,0.000000,180,190,200,210,230,240,270,330,340,340,340,432,0,180,167.8431775455667,20.22840001154691,335.9255999675952,10205.0
1790880278,100,POST,POST /intent/issue,57.200000,0.000000,230,250,260,270,290,320,340,380,400,400,400,913,0,230,218.2135631975887,17.1703000087291,512.5545000191778,2456.0
1790880278,100,POST,POST /intent/issue (setup),0.200000,0.000000,100,100,100,100,100,100,100,100,100,100,100,36,0,160,175.6098055468303,27.912399964407086,518.3343999669887,2456.0
1790880278,100,POST,POST /intent/verify,61.300000,0.000000,230,240,260,270,290,320,370,380,390,390,390,940,0,230,215.95922542526634,15.996699978131801,390.41190000716597,331.0
1790880278,100,,Aggregated,420.300000,0.000000,210,230,240,240,270,290,330,360,390,400,400,6653,0,190,185.84423886906063,15.996699978131801,518.3343999669887,2078.177964827897
